{
	"version": "0.1.0",
	"name": "crowdfunding",
	"instructions": [
		{
			"name": "create",
			"accounts": [
				{
					"name": "campaign",
					"isMut": true,
					"isSigner": false
				},
				{
					"name": "user",
					"isMut": true,
					"isSigner": true
				},
				{
					"name": "systemProgram",
					"isMut": false,
					"isSigner": false
				}
			],
			"args": [
				{
					"name": "name",
					"type": "string"
				},
				{
					"name": "description",
					"type": "string"
				}
			]
		},
		{
			"name": "withdraw",
			"accounts": [
				{
					"name": "campaign",
					"isMut": true,
					"isSigner": false
				},
				{
					"name": "user",
					"isMut": true,
					"isSigner": true
				}
			],
			"args": [
				{
					"name": "amount",
					"type": "u64"
				}
			]
		},
		{
			"name": "donate",
			"accounts": [
				{
					"name": "campaign",
					"isMut": true,
					"isSigner": false
				},
				{
					"name": "user",
					"isMut": true,
					"isSigner": true
				},
				{
					"name": "systemProgram",
					"isMut": false,
					"isSigner": false
				}
			],
			"args": [
				{
					"name": "amount",
					"type": "u64"
				}
			]
		}
	],
	"accounts": [
		{
			"name": "Campaign",
			"type": {
				"kind": "struct",
				"fields": [
					{
						"name": "admin",
						"type": "publicKey"
					},
					{
						"name": "name",
						"type": "string"
					},
					{
						"name": "description",
						"type": "string"
					},
					{
						"name": "amountDonated",
						"type": "u64"
					}
				]
			}
		}
	],
	"metadata": {
		"address": "Np3nbC7YJhD9Cur4sU8uTt3Hov9KhKEKNEs7KUPc2Eu"
	}
}
